{
  "controller_id": 1,
  "accuracy": 0.9925093632958801,
  "precision": 1.0,
  "recall": 0.978494623655914,
  "f1_score": 0.9891304347826088
}