{
  "controller_id": 3,
  "accuracy": 0.9887640449438202,
  "precision": 0.9811320754716981,
  "recall": 0.9904761904761905,
  "f1_score": 0.9857819905213271
}