{
  "controller_id": 2,
  "accuracy": 0.9812734082397003,
  "precision": 0.9803921568627451,
  "recall": 0.970873786407767,
  "f1_score": 0.975609756097561
}