{
  "rounds": 4,
  "final_metrics": {
    "accuracy": 0.9875156054931336,
    "precision": 0.987174744111481,
    "recall": 0.9799482001799572,
    "f1_score": 0.9835073938004989
  }
}