{
  "controller_id": 2,
  "accuracy": 0.9910179640718563,
  "precision": 0.9921259842519685,
  "recall": 0.984375,
  "f1_score": 0.988235294117647,
  "cm": [
    [
      205,
      1
    ],
    [
      2,
      126
    ]
  ],
  "top_features": [
    [
      "spoofing_conf",
      0.21613260206753948
    ],
    [
      "src_port",
      0.19638945267975572
    ],
    [
      "new_flow_rate",
      0.1046648827013003
    ],
    [
      "dst_port",
      0.07311166003149364
    ],
    [
      "entropy_delta",
      0.06799974721253725
    ]
  ]
}