{
  "controller_id": 1,
  "accuracy": 0.9910179640718563,
  "precision": 0.9913793103448276,
  "recall": 0.9829059829059829,
  "f1_score": 0.9871244635193134,
  "cm": [
    [
      216,
      1
    ],
    [
      2,
      115
    ]
  ],
  "top_features": [
    [
      "spoofing_conf",
      0.23082114400021653
    ],
    [
      "src_port",
      0.15742045935526922
    ],
    [
      "new_flow_rate",
      0.13851177840867798
    ],
    [
      "dst_port",
      0.0898931099601852
    ],
    [
      "entropy_delta",
      0.08892197691264406
    ]
  ]
}