{
  "controller_id": 3,
  "accuracy": 0.9880239520958084,
  "precision": 0.9922480620155039,
  "recall": 0.9770992366412213,
  "f1_score": 0.9846153846153846,
  "cm": [
    [
      202,
      1
    ],
    [
      3,
      128
    ]
  ],
  "top_features": [
    [
      "spoofing_conf",
      0.2446147354196442
    ],
    [
      "src_port",
      0.1546248966606591
    ],
    [
      "new_flow_rate",
      0.14118392446578215
    ],
    [
      "dst_port",
      0.07940304692324728
    ],
    [
      "src_ip_enc",
      0.06338631701326321
    ]
  ]
}